Date,PR,PSI,VPI,LAR,Actual VPI,VS,CS
30-11-2024,0.082947965,0.967299564,0.149727974,0.375852306,0.006249942,104105543.4,1255070491
29-11-2024,0.082616988,0.965805084,0.150046032,0.648921601,0.00628831,103690143.2,1255070491
28-11-2024,0.082673282,0.902667245,0.153502982,0.685832864,0.006428807,103760796.7,1255070491
27-11-2024,0.083055684,0.965474173,0.158348258,0.672304907,0.006601197,104240738,1255070491
26-11-2024,0.083129633,0.89368683,0.163638349,0.951898902,0.006815661,104333549.2,1255070491
25-11-2024,0.083243468,0.9025122,0.171585441,0.680249068,0.00713689,104476420.7,1255070491
24-11-2024,0.083350121,0.868550467,0.176380835,0.888588128,0.007326961,104610277.8,1255070491
23-11-2024,0.083255403,0.842598118,0.184765268,1.031657649,0.007683988,104491399.5,1255070491
22-11-2024,0.083340793,0.844336415,0.196195508,1.083522431,0.008150987,104598570.3,1255070491
21-11-2024,0.083251245,1.016697235,0.211504891,0.435032564,0.00879647,104486181.4,1255070491
20-11-2024,0.083758708,0.952751503,0.217968006,0.398175977,0.009010347,105123083.3,1255070491
19-11-2024,0.083785521,0.912055352,0.222573882,0.523778621,0.0091978,105156734.4,1255070491
18-11-2024,0.083821626,0.994026937,0.231505187,0.524573405,0.009562763,105202049,1255070491
17-11-2024,0.083854347,0.937505234,0.24017273,0.51816171,0.009916921,105243116.7,1255070491
16-11-2024,0.083873607,1.035946361,0.249074104,0.407341271,0.010282104,105267288.5,1255070491
15-11-2024,0.084383555,1.087841418,0.256275254,0.525397201,0.010515444,105907309.6,1255070491
14-11-2024,0.084469791,1.02051785,0.265408804,0.720192012,0.010879092,106015541.5,1255070491
13-11-2024,0.084434412,0.983119256,0.28142093,0.821964288,0.011540262,105971139.5,1255070491
12-11-2024,0.084426529,0.893368857,0.304630011,0.743697767,0.012493166,105961244.9,1255070491
11-11-2024,0.08440101,0.939849926,0.328552839,0.744718801,0.013478338,105929217.4,1255070491
10-11-2024,0.084612267,0.921379835,0.355056965,0.419307711,0.014529259,106194359.2,1255070491
09-11-2024,0.084705678,0.943212961,0.369459273,0.333542891,0.015101942,106311596.8,1255070491
08-11-2024,0.084702047,0.925435024,0.378283314,0.410376776,0.015463295,106307039.9,1255070491
07-11-2024,0.084191899,0.926056761,0.390815228,0.447752714,0.01607237,105666767.9,1255070491
06-11-2024,0.084160569,1.05992813,0.407925718,0.262692611,0.016782288,105627446.7,1255070491
05-11-2024,0.084135209,1.147732731,0.417597902,0.288640307,0.017185386,105595617.9,1255070491
04-11-2024,0.083142237,1.100835098,0.42424144,0.289055456,0.017667298,104349368,1255070491
03-11-2024,0.083288302,1.102695524,0.434318032,0.269665771,0.018055212,104532690.5,1255070491
02-11-2024,0.083131684,1.061862751,0.438783378,0.27625731,0.018275208,104336123.9,1255070491
01-11-2024,0.083258485,1.009462665,0.44590364,0.2475298,0.018543481,104495267.2,1255070491
31-10-2024,0.083146981,0.951227358,0.444759316,0.273790037,0.018520697,104355322.8,1255070491
30-10-2024,0.082880406,0.961740042,0.449295665,0.288093968,0.018769777,104020752,1255070491
29-10-2024,0.082845723,1.012357035,0.460336301,0.257818015,0.019239061,103977222.3,1255070491
28-10-2024,0.083031037,1.036195904,0.474669179,0.177384891,0.019793807,104209804.2,1255070491
27-10-2024,0.08301717,1.076737177,0.472557658,0.265821714,0.019709047,104192399.7,1255070491
26-10-2024,0.082963503,1.093188865,0.483081034,0.305334311,0.020160981,104125044,1255070491
25-10-2024,0.0828764,1.008902264,0.499786695,0.228911139,0.020880099,104015724.2,1255070491
24-10-2024,0.082918896,0.997576884,0.508111075,0.25582363,0.021216996,104069060.1,1255070491
23-10-2024,0.082894767,1.013476703,0.520469648,0.148378083,0.026223968,104038775.9,1255070491
22-10-2024,0.082146243,1.004689609,0.518773782,0.155675401,0.026376698,103099325.5,1255070491
21-10-2024,0.079356189,0.961180102,0.504152131,0.164184391,0.026534501,99597610.78,1255070491
20-10-2024,0.079605453,1.01551523,0.506833556,0.093136399,0.026592101,99910455.15,1255070491
19-10-2024,0.07968813,1.001817094,0.502142936,0.136631191,0.026318664,100014220.1,1255070491
18-10-2024,0.079712738,1.028775996,0.504740088,0.145684759,0.026446621,100045105.5,1255070491
17-10-2024,0.079774955,0.97369045,0.508901496,0.183539365,0.026643868,100123192.5,1255070491
16-10-2024,0.07984869,0.966545534,0.518503547,0.194073331,0.027121521,100215734.4,1255070491
15-10-2024,0.079904689,0.932746234,0.532049127,0.174685941,0.02781055,100286017.3,1255070491
14-10-2024,0.080008842,0.964010493,0.544059711,0.135110996,0.028401331,100416737,1255070491
13-10-2024,0.079978958,0.954885871,0.548229074,0.135767742,0.028629676,100379230.6,1255070491
12-10-2024,0.080073886,0.95787695,0.552868006,0.185043589,0.028837703,100498371.7,1255070491
11-10-2024,0.079423123,1.037168516,0.555960966,0.149641085,0.029236639,99681618.43,1255070491
10-10-2024,0.079889769,1.048917912,0.561894214,0.172753075,0.029376057,100267291.4,1255070491
09-10-2024,0.078974284,0.985943522,0.564270772,0.155809859,0.029842278,99118293.62,1255070491
08-10-2024,0.076236432,0.971541756,0.549133028,0.174222257,0.03008466,95682096.58,1255070491
07-10-2024,0.076306967,0.969240242,0.557818406,0.117627296,0.030532247,95770622.34,1255070491
06-10-2024,0.076264171,1.041405523,0.551680068,0.123673392,0.030213209,95716910.94,1255070491
05-10-2024,0.076281171,1.057862133,0.554668978,0.163043736,0.030370129,95738246.34,1255070491
04-10-2024,0.076501513,1.148801642,0.562011997,0.200530329,0.030683555,96014791.16,1255070491
03-10-2024,0.0764818,1.120822703,0.577863327,0.193918595,0.031557104,95990050.24,1255070491
02-10-2024,0.07650794,1.075013485,0.591207294,0.254397057,0.032274787,96022857.39,1255070491
01-10-2024,0.076552278,1.028520201,0.617344057,0.199958923,0.033682108,96078504.58,1255070491
30-09-2024,0.076557858,0.943098909,0.639209146,0.152086608,0.034872519,96085507.81,1255070491
29-09-2024,0.076827025,0.936730547,0.644508084,0.106521814,0.035038416,96423332.19,1255070491
28-09-2024,0.076867067,0.917473258,0.638576652,0.199464953,0.034697872,96473587.16,1255070491
27-09-2024,0.081244711,0.98052672,0.643276948,0.156232935,0.034948796,96485931.78,1187596466
26-09-2024,0.081317037,1.005025804,0.640251158,0.13446875,0.034753469,96571826.14,1187596466
25-09-2024,0.081301294,0.961682869,0.640973836,0.158236606,0.034799434,96553128.98,1187596466
24-09-2024,0.081317119,0.959323567,0.644888312,0.145806073,0.035005143,96571923.69,1187596466
23-09-2024,0.081340955,0.940434876,0.646183602,0.127516175,0.035065174,96600230.7,1187596466
22-09-2024,0.081247498,0.88389198,0.636533127,0.134651017,0.034581223,96489241.06,1187596466
21-09-2024,0.081244802,0.919020495,0.637413403,0.162843292,0.034630196,96486039.19,1187596466
20-09-2024,0.081240977,0.94201451,0.642389924,0.150263725,0.034902209,96481496.78,1187596466
19-09-2024,0.081267873,1.000943588,0.646456053,0.120200366,0.035111505,96513438.94,1187596466
18-09-2024,0.081198643,1.042455141,0.637463795,0.116846054,0.034652621,96431221.88,1187596466
17-09-2024,0.08126647,1.057568734,0.636233803,0.106272991,0.034556892,96511773.15,1187596466
16-09-2024,0.081257474,1.048062545,0.632357029,0.08411213,0.034350129,96501088.42,1187596466
15-09-2024,0.081245271,0.981423378,0.622323024,0.085661238,0.033810151,96486596.71,1187596466
14-09-2024,0.081249783,0.977061703,0.610739474,0.105452592,0.033178987,96491954.82,1187596466
13-09-2024,0.081289387,0.966390957,0.606112864,0.110082519,0.032911599,96538989.26,1187596466
12-09-2024,0.081299934,0.942969895,0.60269543,0.132790202,0.032721789,96551514.37,1187596466
11-09-2024,0.081174343,0.886392206,0.590420623,0.136519607,0.197784284,96402362.36,1187596466
10-09-2024,0.081200291,0.910100643,0.590095309,0.112208328,0.197612138,96433178.68,1187596466
09-09-2024,0.081214242,0.970249767,0.590327074,0.12858824,0.197655794,96449746.37,1187596466
08-09-2024,0.081261618,0.966527064,0.587305681,0.120023664,0.196529514,96506010.03,1187596466
07-09-2024,0.081264582,1.022437091,0.579021702,0.170079556,0.193750386,96509530.57,1187596466
06-09-2024,0.081261389,1.021771126,0.580624847,0.108092289,0.19429446,96505738.28,1187596466
05-09-2024,0.081324405,1.036190108,0.564194068,0.127645408,0.188649936,96580575.96,1187596466
04-09-2024,0.081458813,1.043857955,0.523824167,0.091937141,0.174862423,96740198.88,1187596466
03-09-2024,0.081463988,1.002957903,0.5158755,0.111542214,0.172198068,96746344.69,1187596466
02-09-2024,0.081495645,1.048138265,0.508349314,0.097526311,0.169619931,96783939.89,1187596466
01-09-2024,0.081679205,1.022025296,0.499404729,0.077100221,0.166260925,97001934.77,1187596466
31-08-2024,0.081698974,1.003960951,0.491447013,0.142771447,0.163572066,97025412.98,1187596466
30-08-2024,0.081610208,1.050496348,0.488308337,0.149581438,0.162704175,96919994.58,1187596466
29-08-2024,0.077726569,1.057687073,0.462398078,0.182988299,0.161769099,92307798.24,1187596466
28-08-2024,0.077610872,1.099929077,0.461387447,0.176914448,0.161656157,92170397.75,1187596466
27-08-2024,0.077579783,1.014564008,0.464384714,0.129363237,0.162771512,92133476.06,1187596466
26-08-2024,0.077612741,0.964186865,0.460820442,0.135683028,0.16145361,92172616.36,1187596466
25-08-2024,0.077568037,0.910868557,0.457270098,0.139657592,0.002796108,92119526.8,1187596466
24-08-2024,0.077580133,0.882835559,0.448249161,0.180664627,0.002740519,92133892.01,1187596466
23-08-2024,0.077565245,0.910241625,0.450240521,0.129227697,0.002753222,92116210.8,1187596466
22-08-2024,0.077586116,0.927779965,0.439778688,0.132894734,0.002688525,92140996.58,1187596466
21-08-2024,0.079683647,0.977825274,0.448601934,0.127537784,0.00061713,94632018.16,1187596466
20-08-2024,0.079687147,0.966417877,0.443230884,0.170009019,0.000609714,94636174.6,1187596466
19-08-2024,0.07969327,0.994098389,0.445631269,0.127389423,0.000612969,94643446.01,1187596466
18-08-2024,0.078817007,0.987332779,0.433016326,0.129352019,0.000602239,93602799.51,1187596466
17-08-2024,0.078828556,1.042113466,0.428766688,0.145574003,0.000596241,93616514.74,1187596466
16-08-2024,0.078810819,1.08154182,0.422935898,0.160153938,0.000588265,93595450.05,1187596466
15-08-2024,0.078844668,1.037498001,0.416145275,0.138002715,0.000578572,93635648.56,1187596466
14-08-2024,0.078813232,0.994685863,0.40869523,0.133461927,0.000568441,93598316.3,1187596466
13-08-2024,0.078921664,0.974199527,0.407008724,0.210426259,0.000565317,93727089.06,1187596466
12-08-2024,0.078952712,1.004024084,0.412373023,0.140117781,0.000572543,93763961.93,1187596466
11-08-2024,0.078985556,0.923986302,0.407510028,0.111371806,0.000565556,93802967.7,1187596466
10-08-2024,0.078950156,0.934141612,0.403275869,0.15290734,0.00055993,93760926.39,1187596466
09-08-2024,0.078946674,0.933931706,0.399988876,0.179615789,0.000555391,93756790.99,1187596466
08-08-2024,0.078785702,1.124843033,0.398404738,0.158241873,0.000554321,93565620.84,1187596466
07-08-2024,0.078767827,1.101449203,0.393514924,0.233661724,0.000547642,93544392.86,1187596466
06-08-2024,0.078702085,1.238227969,0.400024182,0.469527759,0.000557166,93466317.97,1187596466
05-08-2024,0.078640118,1.147366754,0.421709444,0.164298347,0.000587833,93392725.92,1187596466
04-08-2024,0.078604376,1.107626101,0.4100318,0.183631851,0.000571815,93350279.19,1187596466
03-08-2024,0.078654903,1.112320869,0.404417335,0.195373259,0.000563623,93410284.57,1187596466
02-08-2024,0.078661394,1.058535148,0.407357698,0.157707054,0.000567674,93417993.02,1187596466
01-08-2024,0.078885967,1.061410585,0.411348058,0.169714832,0.000571603,93684696.02,1187596466
31-07-2024,0.083416945,1.046630539,0.413222458,0.189076003,0.000574904,93571168.02,1121728540
30-07-2024,0.083286886,1.038714548,0.417435683,0.197860373,0.000581673,93425277.44,1121728540
29-07-2024,0.083111569,1.038104713,0.423502789,0.151259512,0.000591372,93228619.02,1121728540
28-07-2024,0.083040131,1.030906443,0.423543212,0.18011431,0.000591937,93148485,1121728540
27-07-2024,0.083040394,1.054595023,0.423844392,0.182276214,0.000592356,93148779.86,1121728540
26-07-2024,0.083055459,1.099616181,0.426652978,0.256691614,0.000596173,93165679.13,1121728540
25-07-2024,0.083015345,1.083118518,0.433762504,0.165628861,0.0006064,93120682.16,1121728540
24-07-2024,0.082946956,1.007701447,0.429959195,0.268597543,0.000601579,93043967.81,1121728540
23-07-2024,0.083060827,1.001904157,0.442280419,0.17907257,0.00061797,93171699.85,1121728540
22-07-2024,0.083075791,0.952059345,0.448229809,0.203836839,0.00062617,93188485.58,1121728540
21-07-2024,0.082809867,0.959666329,0.449600282,0.149584321,0.000630101,92890190.72,1121728540
20-07-2024,0.082868234,0.929449385,0.445828486,0.236133745,0.000624375,92955663.19,1121728540
19-07-2024,0.082921787,0.976784058,0.448475644,0.195135483,0.000627677,93015735.11,1121728540
18-07-2024,0.082965612,0.973481157,0.440797235,0.233062143,0.000616604,93064894.96,1121728540
17-07-2024,0.082931785,0.971351054,0.441328863,0.268756819,0.0006176,93026950.39,1121728540
16-07-2024,0.08285978,0.925461308,0.451289282,0.252965981,0.000632087,92946179.66,1121728540
15-07-2024,0.082727574,0.923386515,0.457971155,0.174649367,0.000642471,92797880.88,1121728540
14-07-2024,0.082782239,0.948919546,0.453535493,0.145032625,0.000635828,92859199.63,1121728540
13-07-2024,0.082857539,0.920497118,0.449250759,0.223700481,0.000629249,92943666.36,1121728540
12-07-2024,0.082478092,0.914800885,0.44238562,0.17994679,0.000622484,92518029.94,1121728540
11-07-2024,0.079409956,0.887200955,0.412450523,0.212371502,0.008267146,89076414.1,1121728540
10-07-2024,0.079430714,0.914513074,0.411714998,0.201652777,0.008250247,89099698.83,1121728540
09-07-2024,0.079452965,1.015690372,0.410955155,0.244457615,0.008232714,89124658.75,1121728540
08-07-2024,0.079353649,1.117522322,0.413284821,0.138965601,0.008289747,89013252.87,1121728540
07-07-2024,0.079383237,1.078141125,0.401633585,0.170262752,0.008053041,89046442.19,1121728540
06-07-2024,0.079382645,1.230877456,0.403663246,0.340301361,0.008093798,89045778.22,1121728540
05-07-2024,0.079471207,1.176821624,0.416467625,0.282164962,0.008341231,89145120.45,1121728540
04-07-2024,0.079628487,1.06826425,0.427001572,0.162257962,0.008535318,89321546.33,1121728540
03-07-2024,0.079765411,1.00124674,0.428072915,0.125008962,0.008542045,89475138.26,1121728540
02-07-2024,0.079663872,1.009519585,0.426911727,0.144589777,0.008529732,89361238.49,1121728540
01-07-2024,0.07974069,0.98390715,0.430202143,0.118705042,0.008587194,89447407.48,1121728540
30-06-2024,0.079824463,1.012062264,0.426886868,0.099754745,0.008512076,89541378.2,1121728540
29-06-2024,0.079728834,1.008636076,0.418776404,0.145632297,0.00836037,89434109.06,1121728540
28-06-2024,0.079760925,0.98773413,0.414822462,0.176069126,0.008278102,89470105.78,1121728540
27-06-2024,0.079763935,0.998135375,0.409031515,0.144759951,0.008162231,89473482.64,1121728540
26-06-2024,0.07981171,1.019684423,0.398757456,0.158441436,0.007952449,89527073.33,1121728540
25-06-2024,0.079832389,1.020583607,0.39486282,0.211896936,0.007872738,89550269.67,1121728540
24-06-2024,0.080115354,1.073152242,0.395950481,0.11503664,0.007866541,89867679.15,1121728540
23-06-2024,0.081782935,1.053526739,0.391717302,0.105236296,0.007623752,91738252.23,1121728540
22-06-2024,0.081744946,1.065394723,0.359942778,0.168991647,0.0070086,91695638.82,1121728540
21-06-2024,0.081868093,1.067660368,0.349274768,0.200147182,0.006790648,91833776.37,1121728540
20-06-2024,0.081855888,1.040322662,0.336207019,0.207409276,0.006537558,91820085.9,1121728540
19-06-2024,0.084496912,1.103123391,0.330566512,0.304716692,0.006426565,91838845.84,1086889963
18-06-2024,0.084371441,1.058283132,0.337675834,0.232139597,0.006574541,91702472.8,1086889963
17-06-2024,0.084546253,0.995367133,0.342186336,0.144083629,0.006648585,91892473.37,1086889963
16-06-2024,0.084467882,1.002745352,0.336091842,0.169663471,0.006536229,91807293.58,1086889963
15-06-2024,0.084500954,1.057172488,0.33470138,0.239096902,0.00650664,91843238.31,1086889963
14-06-2024,0.084571868,1.070026616,0.333771485,0.208742244,0.006483122,91920314.72,1086889963
13-06-2024,0.084625684,1.033979907,0.33613308,0.292685842,0.006524841,91978806.23,1086889963
12-06-2024,0.084638414,1.10531417,0.341505906,0.374638619,0.03395923,91992642.8,1086889963
11-06-2024,0.084771354,1.066750615,0.355292038,0.231404078,0.035274713,92137133.32,1086889963
10-06-2024,0.08467696,1.06007064,0.360441415,0.221537022,0.035825855,92034538,1086889963
09-06-2024,0.084716141,1.099368755,0.363307919,0.210948407,0.036094068,92077123.42,1086889963
08-06-2024,0.084698536,1.075265965,0.366521591,0.317608952,0.03642091,92057988.14,1086889963
07-06-2024,0.0846588,0.99002167,0.373500895,0.144677365,0.037131857,92014800.08,1086889963
06-06-2024,0.084298402,0.972855846,0.368231426,0.170472167,0.036764498,91623086.54,1086889963
05-06-2024,0.084178628,0.988859256,0.363952567,0.157576559,0.036388996,91492905.57,1086889963
04-06-2024,0.084219712,1.02513085,0.360966278,0.162872267,0.036072813,91537560,1086889963
03-06-2024,0.084232017,1.044071938,0.354311478,0.137080654,0.0354026,91550933.4,1086889963
02-06-2024,0.084206915,1.015183271,0.344839962,0.110357146,0.034466482,91523651.09,1086889963
01-06-2024,0.084278817,1.023980913,0.331301122,0.172943215,0.033085036,91601800.05,1086889963
31-05-2024,0.084293481,1.021390429,0.312551852,0.208005487,0.03120723,91617738.87,1086889963
30-05-2024,0.084191041,1.025188098,0.30774572,0.208947,0.030764742,91506397.84,1086889963
29-05-2024,0.084173374,1.011143563,0.304823732,0.266079634,0.030479032,91487195.13,1086889963
28-05-2024,0.084194013,1.010075188,0.301814204,0.308418676,0.030170715,91509627.27,1086889963
27-05-2024,0.08491464,1.048856282,0.304388016,0.225790466,0.030169778,92292869.57,1086889963
26-05-2024,0.084832435,1.037820458,0.30586527,0.223756359,0.030345575,92203522.21,1086889963
25-05-2024,0.084837191,1.048918936,0.307180134,0.317735401,0.030474317,92208691.7,1086889963
24-05-2024,0.0847948,1.014915302,0.310007758,0.675138434,0.030770211,92162616.87,1086889963
23-05-2024,0.08476211,0.98249072,0.329730083,0.400316336,0.032740397,92127087.04,1086889963
22-05-2024,0.084739256,0.915625188,0.337332354,0.488096852,0.009101536,92102246.58,1086889963
21-05-2024,0.083044396,0.87373847,0.346009113,0.343712858,0.009526174,90260120.84,1086889963
20-05-2024,0.082911004,1.008213416,0.352839447,0.131702341,0.009729853,90115137.82,1086889963
19-05-2024,0.082944347,0.974420586,0.347426717,0.14792868,0.009576741,90151378.06,1086889963
18-05-2024,0.082959209,0.964893947,0.346191294,0.271786493,0.009540977,90167531.58,1086889963
17-05-2024,0.086170595,1.044897547,0.348998476,0.211779806,0.009627582,90081005.12,1045379867
16-05-2024,0.085816373,1.013507986,0.345082378,0.276671099,0.009558845,89710708.21,1045379867
15-05-2024,0.085792168,1.056198772,0.340996769,0.16664149,0.009448337,89685404.96,1045379867
14-05-2024,0.085624835,1.031151024,0.327444512,0.18203622,0.009090562,89510478.93,1045379867
13-05-2024,0.08563909,1.033015248,0.310762917,0.10072078,0.008626009,89525380.25,1045379867
12-05-2024,0.085641737,1.052411747,0.298305384,0.126024152,0.008279963,89528147.97,1045379867
11-05-2024,0.085686272,1.077628344,0.295779671,0.175682425,0.008205591,89574704.01,1045379867
10-05-2024,0.085797102,1.038805459,0.29392827,0.153976504,0.008143695,89690563.55,1045379867
09-05-2024,0.086140349,1.080344819,0.291386973,0.192396325,0.008041115,90049386.85,1045379867
08-05-2024,0.086151798,1.055829498,0.28784592,0.220985317,0.007942341,90061355.04,1045379867
07-05-2024,0.086265119,1.013318673,0.289520698,0.250638325,0.007978057,90179819.12,1045379867
06-05-2024,0.086174148,0.95557896,0.291823659,0.227549681,0.008050007,90084718.9,1045379867
05-05-2024,0.085945164,0.947478925,0.29085081,0.30725319,0.008044547,89845344.33,1045379867
04-05-2024,0.086040608,0.941913327,0.294722628,0.343247832,0.008142594,89945118.96,1045379867
03-05-2024,0.086030397,0.90846761,0.298441726,0.432411943,0.008246324,89934444.98,1045379867
02-05-2024,0.086049049,0.903226514,0.30256737,0.657027185,0.008358508,89953943.41,1045379867
01-05-2024,0.085986165,0.983302474,0.318348562,0.335981583,0.0088009,89888205.58,1045379867
30-04-2024,0.085948688,0.997378264,0.326157014,0.296958112,0.0090207,89849027.64,1045379867
29-04-2024,0.084175826,0.948753076,0.324256811,0.364782398,0.009157027,87995713.72,1045379867
28-04-2024,0.084462423,0.938690524,0.333391609,0.321606846,0.009383047,88295316.35,1045379867
27-04-2024,0.08436559,1.051471337,0.336920948,0.184688492,0.009493261,88194089.48,1045379867
26-04-2024,0.084307612,1.008032941,0.328988901,0.195545474,0.009276139,88133480.21,1045379867
25-04-2024,0.084331188,0.995575497,0.323481327,0.248544083,0.009118298,88158125.71,1045379867
24-04-2024,0.084354081,0.952647369,0.319388335,0.189492217,0.009000481,88182057.69,1045379867
23-04-2024,0.084378645,0.916740346,0.313584248,0.233131744,0.008834347,88207736.99,1045379867
22-04-2024,0.084247892,0.941618228,0.313006747,0.157783616,0.008831763,88071049.91,1045379867
21-04-2024,0.084304568,0.911124209,0.303374496,0.200816211,0.008554226,88130297.71,1045379867
20-04-2024,0.084380205,0.994284744,0.298562887,0.253814789,0.008411007,88209367.8,1045379867
19-04-2024,0.084231874,1.015989687,0.284754217,0.181467202,0.008036121,88054305.71,1045379867
18-04-2024,0.084212598,1.09045887,0.273426488,0.21483896,0.007718205,88034154.58,1045379867
17-04-2024,0.083518225,1.108836107,0.268237691,0.264671441,0.007634688,87308271.1,1045379867
16-04-2024,0.083675845,1.145115792,0.26757694,0.365236973,0.007601536,87473043.36,1045379867
15-04-2024,0.086900238,1.184354807,0.268109934,0.480688517,0.007620084,87433944.86,1006141600
14-04-2024,0.086849117,1.354769314,0.267427732,0.627097578,0.007605168,87382509.44,1006141600
13-04-2024,0.086846964,1.222234686,0.272488586,0.463508563,0.007749282,87380343.63,1006141600
12-04-2024,0.086829536,1.041248671,0.275341611,0.212163229,0.007831991,87362808.55,1006141600
11-04-2024,0.086906187,1.016867063,0.265896202,0.251183406,0.007556649,87439930.45,1006141600
10-04-2024,0.086919353,1.015606868,0.258184927,0.276070891,0.000149724,87453176.85,1006141600
09-04-2024,0.086891012,0.924030595,0.25622421,0.314490367,0.000148635,87424661.84,1006141600
08-04-2024,0.086995019,0.97991527,0.257038744,0.188046127,0.000148929,87529307.28,1006141600
07-04-2024,0.086993803,1.068012892,0.251657938,0.177511944,0.000145814,87528083.95,1006141600
06-04-2024,0.087031723,1.14483911,0.24486513,0.242161359,0.000141816,87566237.1,1006141600
05-04-2024,0.086985792,1.095876794,0.233765226,0.208409027,0.000135459,87520023.89,1006141600
04-04-2024,0.087098658,1.138549141,0.214267336,0.242767408,0.000124,87633583.12,1006141600
03-04-2024,0.087228591,1.13014179,0.213108309,0.32866643,0.000123145,87764313.74,1006141600
02-04-2024,0.087317125,1.051632219,0.210157207,0.236827628,0.000121317,87853392.02,1006141600
01-04-2024,0.087322404,1.012822965,0.20942158,0.145190717,0.000120885,87858703.55,1006141600
31-03-2024,0.087952118,1.022010271,0.210077612,0.186805564,0.000120395,88492284.67,1006141600
30-03-2024,0.087901644,1.025234227,0.206675143,0.1841394,0.000118513,88441500.7,1006141600
29-03-2024,0.087992849,0.988996515,0.203906684,0.24143489,0.000116805,88533266.3,1006141600
28-03-2024,0.088079293,0.990972081,0.204077944,0.375003758,0.000116788,88620240.73,1006141600
27-03-2024,0.088006471,0.921197833,0.206243594,0.341608101,0.000118125,88546971.22,1006141600
26-03-2024,0.088018795,0.918938616,0.20889335,0.364335553,0.000119626,88559371.16,1006141600
25-03-2024,0.087395,0.934682596,0.210789289,0.351520548,0.000121573,87931745.46,1006141600
24-03-2024,0.087346149,0.999381811,0.213338228,0.244358553,0.000123112,87882593.71,1006141600
23-03-2024,0.087399882,1.016495092,0.213148454,0.4373335,0.000122927,87936657.08,1006141600
22-03-2024,0.087295096,1.026719328,0.214490097,0.356075862,0.000123849,87831227.39,1006141600
21-03-2024,0.08726437,1.024595459,0.211062024,0.674047857,0.000121913,87800313.33,1006141600
20-03-2024,0.087252987,1.092384684,0.218215437,0.56259172,0.000126061,87788859.65,1006141600
19-03-2024,0.087199106,1.175484972,0.22609076,0.328410571,0.000130691,87734647.89,1006141600
18-03-2024,0.087295714,1.133935388,0.230155525,0.318903763,0.000132894,87831849.04,1006141600
17-03-2024,0.087434532,1.192045107,0.233107056,0.354758133,0.000134384,87971519.81,1006141600
16-03-2024,0.087435799,1.14788692,0.234943375,0.50015594,0.000135441,87972794.4,1006141600
15-03-2024,0.087580361,1.064897475,0.241715945,0.446835457,0.000139115,88118244.96,1006141600
14-03-2024,0.087406595,1.028214728,0.246025392,0.362795809,0.000141877,87943411.54,1006141600
13-03-2024,0.087575068,1.046327094,0.248437974,0.557515086,0.000142993,88112918.98,1006141600
12-03-2024,0.087680931,0.998454304,0.257761866,0.544960619,0.00014818,88219431.85,1006141600
11-03-2024,0.087757581,0.986925598,0.26918013,0.349966388,0.000154609,88296552.52,1006141600
10-03-2024,0.087867948,0.938427618,0.273018381,0.29476646,0.000156616,88407597.3,1006141600
09-03-2024,0.087972632,0.958508972,0.275956289,0.405040564,0.000158113,88512924.77,1006141600
08-03-2024,0.088288046,0.896135438,0.280044011,0.469855824,0.000159882,88830276.06,1006141600
07-03-2024,0.088352809,0.889807681,0.282906973,0.743125701,0.000161398,88895436.65,1006141600
06-03-2024,0.088354738,0.876151283,0.302273297,1.243279427,0.000172443,88897377.05,1006141600
05-03-2024,0.088385402,0.978637979,0.347750749,0.327869799,0.000198319,88928229.75,1006141600
04-03-2024,0.088815548,0.957077399,0.361487216,0.514398956,0.000205154,89361017.99,1006141600
03-03-2024,0.088765782,0.954961139,0.382285416,0.282087581,0.000217079,89310945.83,1006141600
02-03-2024,0.088862704,1.000479234,0.390363988,0.196130192,0.000221425,89408463.04,1006141600
01-03-2024,0.088936795,1.006200688,0.389394304,0.385181955,0.000220691,89483009.37,1006141600
29-02-2024,0.093367781,0.984036658,0.396109095,0.389256905,0.000224734,89388312.6,957378568
28-02-2024,0.093493871,1.00291573,0.408725199,0.25628045,0.009552211,89509028.29,957378568
27-02-2024,0.093574506,0.983253011,0.41470561,0.239672689,0.009683625,89586226.95,957378568
26-02-2024,0.093547277,0.978763028,0.422233601,0.190420314,0.009862278,89560158.46,957378568
25-02-2024,0.093676602,1.028728746,0.419150489,0.169741736,0.009776749,89683970.94,957378568
24-02-2024,0.093825413,1.06773116,0.418247429,0.20589192,0.009740212,89826439.94,957378568
23-02-2024,0.093745177,1.036299063,0.419439248,0.276685715,0.009776328,89749622.84,957378568
22-02-2024,0.093863745,1.009728254,0.413977548,0.361422447,0.009636837,89863137.64,957378568
21-02-2024,0.094033736,0.938820805,0.421988803,0.577216753,0.00980557,90025883.22,957378568
20-02-2024,0.094135275,0.953748832,0.454004064,0.280271097,0.010538116,90123095.23,957378568
19-02-2024,0.093309587,0.992843647,0.459856264,0.1510955,0.010768407,89332598.52,957378568
18-02-2024,0.093366905,1.038568192,0.450619141,0.143396017,0.010545624,89387473.61,957378568
17-02-2024,0.093437721,1.009212786,0.444371209,0.201253645,0.010391525,89455271.52,957378568
16-02-2024,0.093462244,0.945800394,0.443257969,0.28073055,0.010362773,89478749.54,957378568
15-02-2024,0.093491435,0.937593083,0.44650066,0.216640419,0.010435323,89506695.93,957378568
14-02-2024,0.093603413,0.939618583,0.44282972,0.247297494,0.010337147,89613901.32,957378568
13-02-2024,0.093627871,0.902421449,0.444018875,0.293965523,0.010362198,89637317.03,957378568
12-02-2024,0.093469161,0.949391968,0.443220315,0.196152101,0.010361125,89485371.94,957378568
11-02-2024,0.092417754,0.973357528,0.399790563,0.127601882,0.009452197,88478776.53,957378568
10-02-2024,0.092326755,0.927940185,0.373379932,0.235214172,0.008836474,88391656.46,957378568
09-02-2024,0.092398637,0.952681448,0.346052081,0.213254256,0.008183357,88460474.63,957378568
08-02-2024,0.092447241,0.921727875,0.335902198,0.314051058,0.000690558,88507007.1,957378568
07-02-2024,0.092471326,0.913783701,0.333110113,0.400561319,0.000684639,88530066.11,957378568
06-02-2024,0.092587462,0.974556572,0.339072815,0.149779178,0.00069602,88641251.53,957378568
05-02-2024,0.092571621,1.008318789,0.333751623,0.100528358,0.000685215,88626085.64,957378568
04-02-2024,0.092507114,1.023519681,0.321913384,0.077374386,0.000661371,88564328.69,957378568
03-02-2024,0.092573015,1.011161142,0.30602097,0.114729392,0.000628272,88627420.62,957378568
02-02-2024,0.092540004,1.026688846,0.284126724,0.152635687,0.000583531,88595816.08,957378568
01-02-2024,0.092611915,1.050301619,0.276582616,0.229846542,0.000567596,88664662.48,957378568
31-01-2024,0.092725867,0.962634038,0.270663568,0.276785919,0.000554766,88773757.29,957378568
30-01-2024,0.092668877,0.945687045,0.267631879,0.18050792,0.00054889,88719196.5,957378568
29-01-2024,0.092744667,0.978588062,0.263395421,0.162955669,0.00053976,88791756.55,957378568
28-01-2024,0.092657906,0.969998798,0.250505079,0.116915208,0.000513825,88708693.37,957378568
27-01-2024,0.092941031,0.974821311,0.239620306,0.249031532,0.000490001,88979751.1,957378568
26-01-2024,0.092957776,1.026381011,0.224078953,0.195083683,0.000458138,88995782.29,957378568
25-01-2024,0.092708478,1.066019631,0.217757356,0.181093111,0.000446411,88757109.48,957378568
24-01-2024,0.092740977,1.113342639,0.214681703,0.374422195,0.000439951,88788223.61,957378568
23-01-2024,0.092700084,1.093188555,0.208190423,0.245161034,0.000426837,88749073.24,957378568
22-01-2024,0.092707781,1.06357297,0.1994626,0.112932521,0.000408909,88756442.89,957378568
21-01-2024,0.092746801,1.058744097,0.187629077,0.147066772,0.000384488,88793799.87,957378568
20-01-2024,0.092828882,1.081193907,0.185729684,0.279447205,0.000380259,88872382.18,957378568
19-01-2024,0.092931389,1.109241368,0.187086677,0.235574228,0.000382615,88970519.92,957378568
18-01-2024,0.092998958,1.064490722,0.188122161,0.218940924,0.000384453,89035209.01,957378568
17-01-2024,0.0758731,1.038504614,0.152881777,0.236875189,0.000149616,72639280.18,957378568
16-01-2024,0.075949189,1.084209276,0.153498345,0.276108457,0.000150069,72712126.07,957378568
15-01-2024,0.075975697,1.077060201,0.154056212,0.230701502,0.000150562,72737503.78,957378568
14-01-2024,0.07650508,0.967792024,0.155353548,0.294113299,0.000150779,73244324.19,957378568
13-01-2024,0.076609807,0.918763539,0.155645235,0.805883316,0.000150856,73344587.06,957378568
12-01-2024,0.07671915,0.889177306,0.160716195,0.609628016,0.000155549,73449269.83,957378568
11-01-2024,0.07697128,0.886001127,0.163238621,0.826248751,0.000157472,73690653.49,957378568
10-01-2024,0.077149561,0.954353352,0.165785229,0.460727467,0.000159559,73861336.12,957378568
09-01-2024,0.077091459,1.009384739,0.16765656,0.385305888,0.000161482,73805710.74,957378568
08-01-2024,0.081113684,1.112302151,0.168434446,0.277963518,0.000161984,73918490.82,911294948
07-01-2024,0.081024799,1.114710349,0.166294494,0.293249915,0.000160101,73837490.38,911294948
06-01-2024,0.080940506,1.07095486,0.163321508,0.421595191,0.000157403,73760674.07,911294948
05-01-2024,0.080983879,1.004868996,0.165909136,0.559285899,0.000159811,73800200.2,911294948
04-01-2024,0.080974947,1.071821913,0.170023813,0.851663311,0.000163793,73792060.55,911294948
03-01-2024,0.080944205,1.01802712,0.176406518,0.449539074,0.000170006,73764045.53,911294948
02-01-2024,0.081471831,0.939087852,0.182255402,0.486092728,0.000174505,74244867.78,911294948
01-01-2024,0.082058208,0.989991016,0.184116248,0.404633625,0.000175027,74779230.47,911294948
31-12-2023,0.08219648,1.008701852,0.183836746,0.373369401,0.000174467,74905236.67,911294948
30-12-2023,0.082220706,0.925978176,0.182789257,0.732439152,0.000173422,74927314.27,911294948
29-12-2023,0.082271474,0.991001154,0.187415043,0.687078331,0.000177701,74973578.22,911294948
28-12-2023,0.082352242,0.860523353,0.191984417,1.111072845,0.000181855,75047182.04,911294948
27-12-2023,0.082576449,0.908766465,0.206167909,0.549032686,0.00019476,75251500.63,911294948
26-12-2023,0.083467235,0.877277156,0.211788088,0.387209225,0.000197934,76063269.96,911294948
25-12-2023,0.083513891,0.780963524,0.211742692,0.809269297,0.000197781,76105787.19,911294948
24-12-2023,0.083586089,0.756969979,0.223144771,0.871941747,0.000208251,76171580.22,911294948
23-12-2023,0.083950773,0.686930672,0.240081701,1.049897824,0.000223084,76503915,911294948
22-12-2023,0.084330737,0.877061365,0.269550547,0.327674847,0.000249338,76850174.41,911294948
21-12-2023,0.088585787,0.968489594,0.283908763,0.196991156,0.000250006,80727780.38,911294948
20-12-2023,0.088686014,1.02907459,0.278187056,0.172977503,0.00024469,80819116.73,911294948
19-12-2023,0.088837925,0.987384235,0.270907644,0.29093727,0.00023788,80957551.86,911294948
18-12-2023,0.088948779,1.060835399,0.26921793,0.201644823,0.000236102,81058572.53,911294948
17-12-2023,0.089546512,1.019785927,0.263685522,0.239487879,0.000229706,81603284.22,911294948
16-12-2023,0.089589111,1.05208104,0.257946283,0.220365677,0.0002246,81642104.65,911294948
15-12-2023,0.089660421,0.976858528,0.250568817,0.301538566,0.000218002,81707088.7,911294948
14-12-2023,0.089687204,0.981262284,0.247104467,0.377095548,0.000214924,81731496.13,911294948
13-12-2023,0.089653283,0.906762399,0.24798054,0.458224946,0.000215768,81700583.44,911294948
12-12-2023,0.089471475,0.892983906,0.255018959,0.677015644,0.000222343,81534903.35,911294948
11-12-2023,0.089753706,0.908997797,0.289301193,0.308497658,0.000251439,81792099.12,911294948
10-12-2023,0.089982512,0.938049419,0.289800755,0.360794187,0.000251233,82000609.04,911294948
